CustomerID,CustomerName,Segment,City,Country
C0001,Avery Harris,Consumer,Vancouver,Canada
C0002,Rowan Martinez,Corporate,Rio de Janeiro,Brazil
C0003,Alex Harris,Small Business,Seoul,South Korea
C0004,Alex Johnson,Corporate,Jeddah,Saudi Arabia
C0005,Rowan Thompson,Small Business,Dammam,Saudi Arabia
C0006,Skyler Thompson,Corporate,Johannesburg,South Africa
C0007,Sam Johnson,Small Business,Vancouver,Canada
C0008,Morgan Smith,Consumer,Incheon,South Korea
C0009,Reese Johnson,Corporate,Marseille,France
C0010,Avery Thompson,Consumer,Montreal,Canada
C0011,Skyler Garcia,Corporate,Bengaluru,India
C0012,Riley Taylor,Corporate,Capital,Netherlands
C0013,Parker Anderson,Small Business,Brisbane,Australia
C0014,Morgan Martin,Small Business,Rio de Janeiro,Brazil
C0015,Reese Thomas,Consumer,Sydney,Australia
C0016,Alex Taylor,Corporate,Brasilia,Brazil
C0017,Reese Lewis,Corporate,Delhi,India
C0018,Casey Lee,Consumer,London,UK
C0019,Cameron Martin,Consumer,Guadalajara,Mexico
C0020,Rowan Smith,Consumer,Ankara,Turkey
C0021,Morgan Thomas,Corporate,Mumbai,India
C0022,Sam Thompson,Consumer,Sharjah,UAE
C0023,Sam Jackson,Small Business,Berlin,Germany
C0024,Reese White,Consumer,Lagos,Nigeria
C0025,Parker Garcia,Small Business,Rio de Janeiro,Brazil
C0026,Quinn Anderson,Consumer,Fukuoka,Japan
C0027,Alex Wilson,Corporate,Dammam,Saudi Arabia
C0028,Jamie Taylor,Consumer,Monterrey,Mexico
C0029,Morgan Thomas,Corporate,Mumbai,India
C0030,Casey Martinez,Corporate,Dammam,Saudi Arabia
C0031,Skyler Martinez,Small Business,Izmir,Turkey
C0032,Parker Garcia,Corporate,Lyon,France
C0033,Quinn Wilson,Consumer,Montreal,Canada
C0034,Alex Lee,Consumer,Singapore,Singapore
C0035,Parker Thompson,Consumer,Johannesburg,South Africa
C0036,Taylor Moore,Consumer,Calgary,Canada
C0037,Cameron Lee,Corporate,Durban,South Africa
C0038,Riley White,Corporate,Guadalajara,Mexico
C0039,Rowan Thompson,Corporate,Valencia,Spain
C0040,Sam Garcia,Small Business,Osaka,Japan
C0041,Casey Lee,Corporate,Berlin,Germany
C0042,Cameron Smith,Corporate,Rio de Janeiro,Brazil
C0043,Sam Smith,Consumer,Brisbane,Australia
C0044,Morgan Harris,Consumer,Sharjah,UAE
C0045,Jordan Lewis,Corporate,Calgary,Canada
C0046,Morgan Smith,Small Business,Capital,Netherlands
C0047,Jamie Harris,Consumer,Jeddah,Saudi Arabia
C0048,Sam Johnson,Consumer,Durban,South Africa
C0049,Quinn Moore,Corporate,Busan,South Korea
C0050,Jamie Harris,Consumer,Rio de Janeiro,Brazil
C0051,Quinn Wilson,Consumer,Rio de Janeiro,Brazil
C0052,Avery Smith,Small Business,Frankfurt,Germany
C0053,Morgan Moore,Corporate,Sharjah,UAE
C0054,Taylor Lewis,Consumer,Istanbul,Turkey
C0055,Rowan Garcia,Small Business,Istanbul,Turkey
C0056,Casey Brown,Consumer,Chicago,USA
C0057,Avery Lee,Small Business,Bengaluru,India
C0058,Casey Taylor,Consumer,Hamburg,Germany
C0059,Cameron Moore,Corporate,Melbourne,Australia
C0060,Taylor Martin,Consumer,Busan,South Korea
C0061,Skyler Harris,Consumer,Port Harcourt,Nigeria
C0062,Riley Clark,Small Business,Melbourne,Australia
C0063,Casey Martin,Consumer,Abu Dhabi,UAE
C0064,Taylor Garcia,Consumer,Capital,Netherlands
C0065,Avery Moore,Consumer,Jeddah,Saudi Arabia
C0066,Skyler Martinez,Corporate,Milan,Italy
C0067,Quinn Martinez,Corporate,Port Harcourt,Nigeria
C0068,Avery Clark,Small Business,Sharjah,UAE
C0069,Avery White,Consumer,Montreal,Canada
C0070,Reese Lewis,Consumer,Ankara,Turkey
C0071,Riley Anderson,Consumer,Rio de Janeiro,Brazil
C0072,Taylor Taylor,Corporate,Berlin,Germany
C0073,Reese Thomas,Small Business,Ankara,Turkey
C0074,Jamie Johnson,Corporate,London,UK
C0075,Casey Garcia,Corporate,Seoul,South Korea
C0076,Rowan Taylor,Consumer,Istanbul,Turkey
C0077,Jordan Johnson,Small Business,Naples,Italy
C0078,Quinn Clark,Consumer,Paris,France
C0079,Parker Lee,Consumer,Singapore,Singapore
C0080,Sam Brown,Consumer,Busan,South Korea
C0081,Parker Harris,Consumer,Abuja,Nigeria
C0082,Quinn Johnson,Consumer,Jeddah,Saudi Arabia
C0083,Jordan Clark,Consumer,Frankfurt,Germany
C0084,Reese Harris,Consumer,Guadalajara,Mexico
C0085,Sam Johnson,Corporate,Nagoya,Japan
C0086,Alex White,Consumer,Brisbane,Australia
C0087,Quinn Jackson,Consumer,Toronto,Canada
C0088,Morgan Harris,Small Business,Rome,Italy
C0089,Alex Martin,Corporate,Rio de Janeiro,Brazil
C0090,Reese White,Consumer,Monterrey,Mexico
C0091,Reese Moore,Consumer,Riyadh,Saudi Arabia
C0092,Riley Martinez,Small Business,Mexico City,Mexico
C0093,Reese White,Consumer,Monterrey,Mexico
C0094,Taylor Lewis,Consumer,Sharjah,UAE
C0095,Alex Moore,Small Business,Johannesburg,South Africa
C0096,Taylor Jackson,Consumer,Barcelona,Spain
C0097,Casey Anderson,Corporate,Marseille,France
C0098,Drew Harris,Corporate,Seoul,South Korea
C0099,Casey Lewis,Corporate,Osaka,Japan
C0100,Riley Lee,Consumer,Manchester,UK
C0101,Alex Brown,Consumer,Guadalajara,Mexico
C0102,Skyler Taylor,Consumer,Munich,Germany
C0103,Jamie Thomas,Consumer,Guadalajara,Mexico
C0104,Quinn Moore,Small Business,Los Angeles,USA
C0105,Alex Smith,Consumer,Brasilia,Brazil
C0106,Riley Anderson,Corporate,Sao Paulo,Brazil
C0107,Quinn Moore,Corporate,Sao Paulo,Brazil
C0108,Parker Moore,Corporate,Seoul,South Korea
C0109,Jamie Jackson,Consumer,Izmir,Turkey
C0110,Cameron White,Consumer,Perth,Australia
C0111,Taylor Jackson,Small Business,Valencia,Spain
C0112,Morgan Martin,Corporate,Sao Paulo,Brazil
C0113,Parker Jackson,Corporate,Singapore,Singapore
C0114,Rowan Taylor,Small Business,Izmir,Turkey
C0115,Alex Moore,Corporate,Delhi,India
C0116,Parker Johnson,Consumer,Singapore,Singapore
C0117,Sam Garcia,Corporate,Boston,USA
C0118,Quinn Taylor,Consumer,Manchester,UK
C0119,Rowan Thompson,Corporate,Toulouse,France
C0120,Avery White,Small Business,Edinburgh,UK
C0121,Jamie Johnson,Consumer,Riyadh,Saudi Arabia
C0122,Casey Moore,Consumer,Incheon,South Korea
C0123,Jordan Brown,Consumer,Seoul,South Korea
C0124,Alex Harris,Small Business,Ankara,Turkey
C0125,Reese Martin,Consumer,Johannesburg,South Africa
C0126,Casey Moore,Consumer,Singapore,Singapore
C0127,Rowan Moore,Consumer,Montreal,Canada
C0128,Morgan Wilson,Consumer,Sao Paulo,Brazil
C0129,Skyler Thomas,Consumer,Singapore,Singapore
C0130,Quinn Thompson,Consumer,Nagoya,Japan
C0131,Alex Harris,Consumer,Singapore,Singapore
C0132,Jamie Taylor,Consumer,Singapore,Singapore
C0133,Morgan Wilson,Consumer,Montreal,Canada
C0134,Jamie Smith,Consumer,Singapore,Singapore
C0135,Parker Lee,Consumer,Brasilia,Brazil
C0136,Casey Brown,Corporate,Turin,Italy
C0137,Jordan Wilson,Consumer,Tokyo,Japan
C0138,Reese Clark,Consumer,Boston,USA
C0139,Casey Taylor,Consumer,Rome,Italy
C0140,Rowan Garcia,Consumer,Jeddah,Saudi Arabia
C0141,Rowan Johnson,Consumer,Capital,Netherlands
C0142,Taylor Wilson,Consumer,Lyon,France
C0143,Alex Martin,Small Business,Valencia,Spain
C0144,Quinn Wilson,Consumer,Dammam,Saudi Arabia
C0145,Quinn Harris,Consumer,Capital,Netherlands
C0146,Parker Martin,Consumer,Durban,South Africa
C0147,Cameron Johnson,Consumer,Chicago,USA
C0148,Reese Moore,Consumer,Toulouse,France
C0149,Reese Lewis,Corporate,Mexico City,Mexico
C0150,Jordan Anderson,Corporate,Toronto,Canada
C0151,Taylor Smith,Consumer,Cape Town,South Africa
C0152,Rowan Clark,Consumer,Valencia,Spain
C0153,Reese Thompson,Consumer,Port Harcourt,Nigeria
C0154,Drew Taylor,Consumer,Seville,Spain
C0155,Rowan Taylor,Corporate,Riyadh,Saudi Arabia
C0156,Drew Brown,Consumer,Seoul,South Korea
C0157,Skyler Martin,Consumer,Edinburgh,UK
C0158,Drew Thomas,Small Business,Singapore,Singapore
C0159,Taylor Smith,Consumer,Delhi,India
C0160,Drew White,Consumer,Sao Paulo,Brazil
C0161,Parker Lewis,Corporate,Capital,Netherlands
C0162,Riley Martin,Consumer,Incheon,South Korea
C0163,Skyler Garcia,Consumer,Jeddah,Saudi Arabia
C0164,Quinn Smith,Consumer,Dammam,Saudi Arabia
C0165,Cameron Clark,Small Business,Dammam,Saudi Arabia
C0166,Drew Clark,Consumer,Monterrey,Mexico
C0167,Alex Taylor,Consumer,Naples,Italy
C0168,Parker Jackson,Consumer,Frankfurt,Germany
C0169,Reese Thomas,Consumer,Turin,Italy
C0170,Drew Anderson,Corporate,Los Angeles,USA
C0171,Quinn Lee,Consumer,London,UK
C0172,Morgan Johnson,Corporate,Vancouver,Canada
C0173,Skyler Garcia,Corporate,Rio de Janeiro,Brazil
C0174,Jamie Thompson,Corporate,Brisbane,Australia
C0175,Jamie Lee,Consumer,Seoul,South Korea
C0176,Alex Garcia,Small Business,Ankara,Turkey
C0177,Reese Taylor,Corporate,Sydney,Australia
C0178,Rowan Brown,Consumer,Hamburg,Germany
C0179,Jamie Lee,Corporate,Abuja,Nigeria
C0180,Casey Moore,Small Business,Bengaluru,India
C0181,Parker Wilson,Consumer,Abuja,Nigeria
C0182,Parker Jackson,Small Business,Munich,Germany
C0183,Morgan Clark,Consumer,Izmir,Turkey
C0184,Casey Lee,Corporate,Incheon,South Korea
C0185,Rowan Clark,Small Business,Izmir,Turkey
C0186,Alex Clark,Consumer,Jeddah,Saudi Arabia
C0187,Rowan Martin,Corporate,Munich,Germany
C0188,Morgan Jackson,Consumer,Dubai,UAE
C0189,Avery Jackson,Corporate,Marseille,France
C0190,Cameron Jackson,Corporate,Rome,Italy
C0191,Avery White,Consumer,Busan,South Korea
C0192,Avery Smith,Consumer,Tokyo,Japan
C0193,Alex Lewis,Consumer,Nagoya,Japan
C0194,Reese Moore,Consumer,Sharjah,UAE
C0195,Jordan Martin,Consumer,Capital,Netherlands
C0196,Jordan Wilson,Consumer,Calgary,Canada
C0197,Jamie Smith,Consumer,Milan,Italy
C0198,Parker Taylor,Consumer,London,UK
C0199,Jamie Taylor,Corporate,Rome,Italy
C0200,Alex Anderson,Corporate,Capital,Netherlands
C0201,Avery Wilson,Corporate,Dubai,UAE
C0202,Quinn Garcia,Consumer,Port Harcourt,Nigeria
C0203,Jordan Taylor,Small Business,Izmir,Turkey
C0204,Reese Wilson,Corporate,Busan,South Korea
C0205,Alex Lewis,Consumer,Istanbul,Turkey
C0206,Riley Brown,Consumer,Madrid,Spain
C0207,Cameron Martinez,Corporate,Brasilia,Brazil
C0208,Rowan Martinez,Consumer,Capital,Netherlands
C0209,Avery Taylor,Consumer,Barcelona,Spain
C0210,Taylor Thomas,Small Business,Sao Paulo,Brazil
C0211,Sam Jackson,Consumer,Madrid,Spain
C0212,Parker Lewis,Consumer,Melbourne,Australia
C0213,Jamie Martinez,Small Business,Rio de Janeiro,Brazil
C0214,Avery White,Corporate,Dammam,Saudi Arabia
C0215,Rowan Smith,Consumer,Melbourne,Australia
C0216,Taylor Garcia,Small Business,Valencia,Spain
C0217,Morgan Thomas,Small Business,Toronto,Canada
C0218,Quinn Smith,Consumer,Toronto,Canada
C0219,Quinn Jackson,Corporate,Riyadh,Saudi Arabia
C0220,Cameron White,Consumer,Port Harcourt,Nigeria
C0221,Sam Harris,Consumer,Birmingham,UK
C0222,Taylor Taylor,Corporate,Izmir,Turkey
C0223,Drew Moore,Consumer,Sydney,Australia
C0224,Jamie Anderson,Corporate,Paris,France
C0225,Riley Smith,Corporate,Perth,Australia
C0226,Skyler Johnson,Consumer,Rome,Italy
C0227,Riley Jackson,Corporate,Mexico City,Mexico
C0228,Sam Lewis,Consumer,Singapore,Singapore
C0229,Casey Smith,Small Business,Bengaluru,India
C0230,Drew Moore,Consumer,Hamburg,Germany
C0231,Drew Harris,Corporate,Istanbul,Turkey
C0232,Riley Martin,Corporate,Cape Town,South Africa
C0233,Jamie Taylor,Consumer,Seattle,USA
C0234,Jordan Jackson,Corporate,Rio de Janeiro,Brazil
C0235,Morgan White,Corporate,Ankara,Turkey
C0236,Parker Thompson,Corporate,Sydney,Australia
C0237,Reese Lee,Corporate,Busan,South Korea
C0238,Jordan Clark,Small Business,Dammam,Saudi Arabia
C0239,Casey Smith,Consumer,Naples,Italy
C0240,Morgan Thompson,Consumer,Fukuoka,Japan
C0241,Jamie Johnson,Consumer,London,UK
C0242,Skyler Brown,Corporate,Singapore,Singapore
C0243,Jamie Smith,Consumer,Toronto,Canada
C0244,Cameron Thomas,Consumer,Nagoya,Japan
C0245,Quinn Wilson,Consumer,Tokyo,Japan
C0246,Taylor Lee,Small Business,Montreal,Canada
C0247,Taylor Thomas,Consumer,Brasilia,Brazil
C0248,Sam Anderson,Corporate,Jeddah,Saudi Arabia
C0249,Quinn Harris,Consumer,Rio de Janeiro,Brazil
C0250,Drew Clark,Small Business,Seattle,USA
C0251,Parker Jackson,Consumer,Berlin,Germany
C0252,Quinn Lee,Consumer,Izmir,Turkey
C0253,Quinn Martinez,Small Business,Berlin,Germany
C0254,Skyler Clark,Small Business,Turin,Italy
C0255,Riley Johnson,Consumer,Busan,South Korea
C0256,Jamie Anderson,Consumer,London,UK
C0257,Reese Clark,Corporate,Incheon,South Korea
C0258,Cameron Lewis,Small Business,London,UK
C0259,Casey Anderson,Consumer,Hamburg,Germany
C0260,Quinn White,Consumer,Singapore,Singapore
C0261,Avery Thomas,Corporate,Brasilia,Brazil
C0262,Skyler Harris,Corporate,Frankfurt,Germany
C0263,Riley Smith,Corporate,Seville,Spain
C0264,Sam Lee,Corporate,Abuja,Nigeria
C0265,Riley Jackson,Consumer,Capital,Netherlands
C0266,Parker Garcia,Small Business,Singapore,Singapore
C0267,Parker Jackson,Small Business,Jeddah,Saudi Arabia
C0268,Alex Wilson,Corporate,Milan,Italy
C0269,Morgan Thompson,Consumer,Fukuoka,Japan
C0270,Reese Martin,Consumer,Singapore,Singapore
C0271,Avery Thomas,Corporate,Barcelona,Spain
C0272,Morgan Harris,Consumer,Seattle,USA
C0273,Sam Garcia,Small Business,Munich,Germany
C0274,Jordan Thomas,Consumer,Capital,Netherlands
C0275,Morgan Brown,Corporate,Dammam,Saudi Arabia
C0276,Casey Thompson,Small Business,Istanbul,Turkey
C0277,Avery Martin,Consumer,Izmir,Turkey
C0278,Reese Clark,Consumer,Sao Paulo,Brazil
C0279,Jamie Thompson,Corporate,Toronto,Canada
C0280,Reese Lewis,Corporate,Vancouver,Canada
C0281,Jamie Garcia,Consumer,Barcelona,Spain
C0282,Cameron Clark,Corporate,Izmir,Turkey
C0283,Reese Moore,Small Business,Busan,South Korea
C0284,Jordan Anderson,Consumer,Istanbul,Turkey
C0285,Skyler Moore,Consumer,Riyadh,Saudi Arabia
C0286,Jamie Wilson,Consumer,Abuja,Nigeria
C0287,Alex Martinez,Consumer,Hamburg,Germany
C0288,Drew Garcia,Consumer,Singapore,Singapore
C0289,Rowan Johnson,Consumer,Bengaluru,India
C0290,Cameron Thomas,Corporate,Istanbul,Turkey
C0291,Quinn Thompson,Consumer,Guadalajara,Mexico
C0292,Avery Jackson,Small Business,Valencia,Spain
C0293,Skyler Taylor,Consumer,Capital,Netherlands
C0294,Jordan Anderson,Consumer,Turin,Italy
C0295,Taylor Thomas,Corporate,Bengaluru,India
C0296,Cameron Brown,Small Business,Hyderabad,India
C0297,Taylor Martin,Consumer,Mexico City,Mexico
C0298,Casey Brown,Consumer,Dammam,Saudi Arabia
C0299,Skyler White,Consumer,Madrid,Spain
C0300,Quinn Harris,Consumer,New York,USA
C0301,Rowan Moore,Consumer,Sharjah,UAE
C0302,Morgan Thompson,Consumer,Guadalajara,Mexico
C0303,Morgan Martinez,Consumer,Dallas,USA
C0304,Quinn Thompson,Consumer,Cape Town,South Africa
C0305,Jamie Harris,Small Business,Bengaluru,India
C0306,Reese Martin,Corporate,London,UK
C0307,Alex Jackson,Consumer,Rome,Italy
C0308,Jordan Thompson,Consumer,Singapore,Singapore
C0309,Sam Lewis,Consumer,Rome,Italy
C0310,Jordan Anderson,Consumer,Edinburgh,UK
C0311,Taylor Martin,Corporate,Seoul,South Korea
C0312,Casey Harris,Small Business,Busan,South Korea
C0313,Sam Thomas,Small Business,Manchester,UK
C0314,Reese Clark,Small Business,Madrid,Spain
C0315,Taylor Anderson,Small Business,Lyon,France
C0316,Casey Moore,Small Business,Seoul,South Korea
C0317,Avery Johnson,Consumer,Sydney,Australia
C0318,Parker Garcia,Consumer,Sydney,Australia
C0319,Jamie Thompson,Consumer,Port Harcourt,Nigeria
C0320,Skyler Anderson,Corporate,Rio de Janeiro,Brazil
C0321,Reese Anderson,Consumer,Turin,Italy
C0322,Cameron Garcia,Corporate,Manchester,UK
C0323,Jordan Thomas,Corporate,Tokyo,Japan
C0324,Cameron Martin,Consumer,Abuja,Nigeria
C0325,Casey Clark,Consumer,Capital,Netherlands
C0326,Cameron Johnson,Consumer,Toulouse,France
C0327,Skyler Moore,Consumer,Marseille,France
C0328,Casey Thomas,Small Business,New York,USA
C0329,Morgan Jackson,Corporate,Manchester,UK
C0330,Cameron Thomas,Corporate,Singapore,Singapore
C0331,Morgan Anderson,Consumer,Hyderabad,India
C0332,Riley Thomas,Consumer,Abu Dhabi,UAE
C0333,Morgan Moore,Consumer,Turin,Italy
C0334,Taylor Taylor,Corporate,Guadalajara,Mexico
C0335,Sam Thomas,Corporate,Istanbul,Turkey
C0336,Parker Martin,Consumer,Monterrey,Mexico
C0337,Skyler Harris,Small Business,Capital,Netherlands
C0338,Sam Wilson,Consumer,Turin,Italy
C0339,Drew Martin,Small Business,Marseille,France
C0340,Cameron Thompson,Consumer,Capital,Netherlands
C0341,Morgan Lee,Consumer,Fukuoka,Japan
C0342,Sam Moore,Corporate,Madrid,Spain
C0343,Drew Martinez,Consumer,Fukuoka,Japan
C0344,Parker Harris,Consumer,Mumbai,India
C0345,Jamie Garcia,Consumer,Port Harcourt,Nigeria
C0346,Skyler White,Consumer,Madrid,Spain
C0347,Jordan Garcia,Corporate,Capital,Netherlands
C0348,Riley Taylor,Small Business,Abuja,Nigeria
C0349,Jordan Lewis,Small Business,Frankfurt,Germany
C0350,Casey Wilson,Consumer,Berlin,Germany
C0351,Alex Thompson,Consumer,Mumbai,India
C0352,Taylor Lewis,Consumer,Boston,USA
C0353,Riley Thompson,Consumer,Madrid,Spain
C0354,Jordan Lee,Consumer,Jeddah,Saudi Arabia
C0355,Parker Martin,Small Business,Capital,Netherlands
C0356,Avery Smith,Small Business,Capital,Netherlands
C0357,Rowan Anderson,Corporate,Frankfurt,Germany
C0358,Reese Thompson,Consumer,Cape Town,South Africa
C0359,Quinn White,Consumer,Vancouver,Canada
C0360,Drew Taylor,Consumer,Melbourne,Australia
C0361,Alex Wilson,Consumer,Guadalajara,Mexico
C0362,Skyler Martin,Consumer,Cape Town,South Africa
C0363,Avery White,Consumer,Marseille,France
C0364,Alex Thomas,Consumer,Johannesburg,South Africa
C0365,Avery Clark,Small Business,Birmingham,UK
C0366,Morgan Garcia,Consumer,Bengaluru,India
C0367,Jamie Brown,Small Business,Izmir,Turkey
C0368,Avery Jackson,Consumer,Rome,Italy
C0369,Parker Lewis,Corporate,Seattle,USA
C0370,Sam Garcia,Consumer,Brasilia,Brazil
C0371,Morgan Garcia,Consumer,Rome,Italy
C0372,Quinn Lee,Consumer,Incheon,South Korea
C0373,Alex Thompson,Consumer,Jeddah,Saudi Arabia
C0374,Rowan Garcia,Small Business,Abu Dhabi,UAE
C0375,Jamie Taylor,Consumer,Durban,South Africa
C0376,Avery Lewis,Corporate,Montreal,Canada
C0377,Casey Smith,Consumer,Brisbane,Australia
C0378,Casey Moore,Consumer,Melbourne,Australia
C0379,Avery Taylor,Consumer,Sharjah,UAE
C0380,Reese Martin,Consumer,Seville,Spain
C0381,Morgan Wilson,Small Business,New York,USA
C0382,Drew Anderson,Corporate,Port Harcourt,Nigeria
C0383,Casey Brown,Corporate,Lagos,Nigeria
C0384,Morgan Harris,Consumer,Lyon,France
C0385,Quinn Martin,Consumer,Boston,USA
C0386,Morgan Lee,Small Business,London,UK
C0387,Jordan Anderson,Consumer,Vancouver,Canada
C0388,Avery Clark,Consumer,Mexico City,Mexico
C0389,Reese Smith,Consumer,Durban,South Africa
C0390,Skyler Martinez,Corporate,Munich,Germany
C0391,Taylor Taylor,Corporate,Brisbane,Australia
C0392,Alex Wilson,Corporate,Frankfurt,Germany
C0393,Avery Garcia,Corporate,Abu Dhabi,UAE
C0394,Cameron Thomas,Consumer,Singapore,Singapore
C0395,Parker Brown,Small Business,Brisbane,Australia
C0396,Alex Taylor,Consumer,Johannesburg,South Africa
C0397,Morgan White,Corporate,Los Angeles,USA
C0398,Sam Moore,Consumer,Frankfurt,Germany
C0399,Rowan Johnson,Small Business,Seville,Spain
C0400,Morgan Thompson,Consumer,Naples,Italy
C0401,Avery Brown,Consumer,Capital,Netherlands
C0402,Taylor Harris,Consumer,Rio de Janeiro,Brazil
C0403,Quinn Wilson,Consumer,Rome,Italy
C0404,Riley Martin,Consumer,Capital,Netherlands
C0405,Jordan Brown,Corporate,Izmir,Turkey
C0406,Parker Brown,Consumer,Hyderabad,India
C0407,Parker Thomas,Small Business,Riyadh,Saudi Arabia
C0408,Rowan Smith,Consumer,Birmingham,UK
C0409,Rowan Garcia,Corporate,Abuja,Nigeria
C0410,Alex Harris,Consumer,Chicago,USA
C0411,Avery Thompson,Corporate,Frankfurt,Germany
C0412,Sam Johnson,Corporate,Paris,France
C0413,Cameron Thompson,Consumer,Barcelona,Spain
C0414,Casey Martin,Small Business,London,UK
C0415,Reese Thompson,Consumer,Seattle,USA
C0416,Avery White,Consumer,Busan,South Korea
C0417,Avery White,Corporate,Capital,Netherlands
C0418,Cameron Taylor,Corporate,Edinburgh,UK
C0419,Casey Jackson,Consumer,Valencia,Spain
C0420,Parker Clark,Consumer,Mumbai,India
C0421,Cameron Johnson,Small Business,Abuja,Nigeria
C0422,Cameron Martinez,Corporate,Seoul,South Korea
C0423,Alex Johnson,Small Business,Brasilia,Brazil
C0424,Cameron Lewis,Consumer,Singapore,Singapore
C0425,Avery Thomas,Corporate,Dammam,Saudi Arabia
C0426,Sam White,Consumer,Frankfurt,Germany
C0427,Alex Thompson,Small Business,Cape Town,South Africa
C0428,Quinn Lewis,Consumer,Mexico City,Mexico
C0429,Morgan Lee,Corporate,New York,USA
C0430,Morgan Martin,Consumer,Melbourne,Australia
C0431,Taylor Thompson,Corporate,Vancouver,Canada
C0432,Jordan Smith,Corporate,Perth,Australia
C0433,Taylor Harris,Consumer,Monterrey,Mexico
C0434,Cameron Wilson,Small Business,London,UK
C0435,Drew Jackson,Consumer,Riyadh,Saudi Arabia
C0436,Avery Taylor,Corporate,Birmingham,UK
C0437,Sam Garcia,Consumer,Singapore,Singapore
C0438,Avery Lee,Consumer,Abuja,Nigeria
C0439,Riley Lee,Consumer,Toronto,Canada
C0440,Parker Johnson,Consumer,Sharjah,UAE
C0441,Sam Jackson,Consumer,Capital,Netherlands
C0442,Taylor Wilson,Corporate,Naples,Italy
C0443,Jamie Brown,Corporate,Birmingham,UK
C0444,Parker White,Corporate,Istanbul,Turkey
C0445,Taylor White,Consumer,Hyderabad,India
C0446,Skyler Taylor,Consumer,Seoul,South Korea
C0447,Cameron Clark,Consumer,Milan,Italy
C0448,Riley Wilson,Corporate,Capital,Netherlands
C0449,Avery Thompson,Small Business,Hyderabad,India
C0450,Skyler Johnson,Consumer,Seville,Spain
C0451,Riley Harris,Corporate,Capital,Netherlands
C0452,Taylor Lewis,Consumer,Lagos,Nigeria
C0453,Parker Thompson,Consumer,Ankara,Turkey
C0454,Sam Moore,Consumer,Los Angeles,USA
C0455,Avery Jackson,Consumer,Singapore,Singapore
C0456,Quinn Wilson,Corporate,Singapore,Singapore
C0457,Avery White,Small Business,London,UK
C0458,Parker Harris,Consumer,Osaka,Japan
C0459,Jamie Lewis,Consumer,Monterrey,Mexico
C0460,Alex Thomas,Corporate,Birmingham,UK
C0461,Cameron Johnson,Small Business,Melbourne,Australia
C0462,Riley Moore,Corporate,Manchester,UK
C0463,Cameron Lee,Consumer,Sydney,Australia
C0464,Morgan Garcia,Corporate,Riyadh,Saudi Arabia
C0465,Drew Martinez,Consumer,New York,USA
C0466,Cameron Harris,Small Business,Capital,Netherlands
C0467,Parker Brown,Consumer,Berlin,Germany
C0468,Reese Lee,Corporate,Singapore,Singapore
C0469,Alex Smith,Consumer,Hamburg,Germany
C0470,Taylor Thompson,Consumer,Lagos,Nigeria
C0471,Taylor White,Small Business,Sydney,Australia
C0472,Casey Smith,Corporate,Guadalajara,Mexico
C0473,Riley Smith,Consumer,Riyadh,Saudi Arabia
C0474,Riley Moore,Small Business,Ankara,Turkey
C0475,Avery Martinez,Small Business,Tokyo,Japan
C0476,Parker Moore,Consumer,Sao Paulo,Brazil
C0477,Morgan Anderson,Consumer,Guadalajara,Mexico
C0478,Sam Clark,Consumer,Seattle,USA
C0479,Parker Martinez,Corporate,Busan,South Korea
C0480,Drew White,Consumer,Birmingham,UK
C0481,Cameron Smith,Consumer,Valencia,Spain
C0482,Reese Lewis,Small Business,Mexico City,Mexico
C0483,Rowan Lewis,Small Business,Barcelona,Spain
C0484,Reese Harris,Corporate,Rio de Janeiro,Brazil
C0485,Alex Thomas,Small Business,Istanbul,Turkey
C0486,Taylor Brown,Corporate,Marseille,France
C0487,Quinn Martin,Corporate,Naples,Italy
C0488,Avery Harris,Corporate,Delhi,India
C0489,Jordan Brown,Consumer,Rio de Janeiro,Brazil
C0490,Quinn Thomas,Consumer,Osaka,Japan
C0491,Avery Thomas,Consumer,Abuja,Nigeria
C0492,Taylor Martin,Corporate,Durban,South Africa
C0493,Parker White,Consumer,Sao Paulo,Brazil
C0494,Jamie Jackson,Consumer,Osaka,Japan
C0495,Rowan Jackson,Corporate,Madrid,Spain
C0496,Riley Garcia,Consumer,Jeddah,Saudi Arabia
C0497,Avery Wilson,Consumer,London,UK
C0498,Cameron Smith,Corporate,Abu Dhabi,UAE
C0499,Taylor Martin,Small Business,Abuja,Nigeria
C0500,Casey Anderson,Consumer,Riyadh,Saudi Arabia
C0501,Avery Anderson,Consumer,Manchester,UK
C0502,Parker Garcia,Consumer,Incheon,South Korea
C0503,Parker Brown,Corporate,Capital,Netherlands
C0504,Jamie Moore,Corporate,Durban,South Africa
C0505,Reese Garcia,Consumer,Madrid,Spain
C0506,Cameron Johnson,Corporate,Ankara,Turkey
C0507,Sam Harris,Consumer,Hyderabad,India
C0508,Skyler Wilson,Consumer,Marseille,France
C0509,Cameron Wilson,Small Business,Madrid,Spain
C0510,Morgan Anderson,Consumer,Marseille,France
C0511,Morgan Martin,Consumer,Capital,Netherlands
C0512,Casey Martinez,Consumer,Sydney,Australia
C0513,Avery Harris,Corporate,Mexico City,Mexico
C0514,Morgan Clark,Small Business,Guadalajara,Mexico
C0515,Riley Jackson,Small Business,Capital,Netherlands
C0516,Rowan Anderson,Consumer,Birmingham,UK
C0517,Taylor Harris,Consumer,Durban,South Africa
C0518,Alex Thomas,Corporate,Vancouver,Canada
C0519,Rowan Anderson,Consumer,Izmir,Turkey
C0520,Drew Taylor,Small Business,Singapore,Singapore
C0521,Taylor Martinez,Corporate,Abu Dhabi,UAE
C0522,Avery Johnson,Consumer,Birmingham,UK
C0523,Casey Anderson,Corporate,Berlin,Germany
C0524,Quinn Lee,Consumer,Mexico City,Mexico
C0525,Quinn Anderson,Consumer,Turin,Italy
C0526,Drew Moore,Corporate,Turin,Italy
C0527,Morgan Clark,Consumer,Port Harcourt,Nigeria
C0528,Taylor Smith,Corporate,Manchester,UK
C0529,Parker Jackson,Corporate,Lagos,Nigeria
C0530,Reese Thomas,Small Business,Port Harcourt,Nigeria
C0531,Alex Smith,Small Business,Singapore,Singapore
C0532,Casey Garcia,Consumer,Hamburg,Germany
C0533,Reese Lee,Consumer,Berlin,Germany
C0534,Reese Brown,Corporate,Seville,Spain
C0535,Sam Garcia,Small Business,Singapore,Singapore
C0536,Jordan Anderson,Consumer,Frankfurt,Germany
C0537,Jamie Taylor,Consumer,Istanbul,Turkey
C0538,Avery Smith,Consumer,Edinburgh,UK
C0539,Sam Lee,Consumer,Hyderabad,India
C0540,Taylor Johnson,Corporate,Dallas,USA
C0541,Jamie Taylor,Consumer,Brisbane,Australia
C0542,Morgan Martinez,Corporate,Vancouver,Canada
C0543,Riley Taylor,Corporate,Frankfurt,Germany
C0544,Jamie Brown,Corporate,Frankfurt,Germany
C0545,Casey Smith,Consumer,Monterrey,Mexico
C0546,Riley Clark,Consumer,Montreal,Canada
C0547,Casey Johnson,Corporate,Riyadh,Saudi Arabia
C0548,Skyler Lee,Corporate,Singapore,Singapore
C0549,Taylor Lee,Consumer,Delhi,India
C0550,Reese Lewis,Small Business,Busan,South Korea
C0551,Cameron Jackson,Consumer,Monterrey,Mexico
C0552,Drew Moore,Small Business,Abu Dhabi,UAE
C0553,Avery Lewis,Consumer,Guadalajara,Mexico
C0554,Skyler Johnson,Consumer,Rome,Italy
C0555,Casey Lewis,Consumer,Capital,Netherlands
C0556,Casey Brown,Consumer,Hyderabad,India
C0557,Quinn Jackson,Consumer,Melbourne,Australia
C0558,Cameron Anderson,Consumer,Johannesburg,South Africa
C0559,Sam Wilson,Consumer,Brasilia,Brazil
C0560,Casey Clark,Corporate,Johannesburg,South Africa
C0561,Morgan Lee,Consumer,Mumbai,India
C0562,Casey Lewis,Corporate,New York,USA
C0563,Riley Wilson,Corporate,Ankara,Turkey
C0564,Drew Jackson,Consumer,Berlin,Germany
C0565,Morgan Lewis,Consumer,Durban,South Africa
C0566,Cameron Johnson,Small Business,Marseille,France
C0567,Casey Clark,Corporate,Lyon,France
C0568,Casey Moore,Consumer,Paris,France
C0569,Cameron White,Corporate,Osaka,Japan
C0570,Quinn Lee,Consumer,Singapore,Singapore
C0571,Avery Taylor,Consumer,Lagos,Nigeria
C0572,Jordan White,Corporate,Dammam,Saudi Arabia
C0573,Sam Thomas,Consumer,Barcelona,Spain
C0574,Jamie Lee,Corporate,Chicago,USA
C0575,Quinn Garcia,Consumer,New York,USA
C0576,Morgan Thompson,Corporate,Dubai,UAE
C0577,Reese Smith,Consumer,Lagos,Nigeria
C0578,Morgan White,Consumer,Mumbai,India
C0579,Parker Lewis,Consumer,Durban,South Africa
C0580,Avery Smith,Consumer,Edinburgh,UK
C0581,Quinn Lee,Corporate,Calgary,Canada
C0582,Sam White,Consumer,Mexico City,Mexico
C0583,Cameron Johnson,Consumer,Edinburgh,UK
C0584,Jordan Moore,Consumer,Montreal,Canada
C0585,Morgan White,Consumer,Riyadh,Saudi Arabia
C0586,Casey Moore,Corporate,Lagos,Nigeria
C0587,Riley Wilson,Consumer,Busan,South Korea
C0588,Jamie White,Small Business,Vancouver,Canada
C0589,Avery Moore,Consumer,Mexico City,Mexico
C0590,Cameron Brown,Corporate,Monterrey,Mexico
C0591,Reese Moore,Consumer,Monterrey,Mexico
C0592,Skyler Thompson,Consumer,Abuja,Nigeria
C0593,Reese White,Small Business,Toulouse,France
C0594,Parker Thomas,Small Business,Capital,Netherlands
C0595,Skyler Martinez,Small Business,Turin,Italy
C0596,Skyler Johnson,Consumer,Monterrey,Mexico
C0597,Reese Garcia,Consumer,Singapore,Singapore
C0598,Drew Smith,Corporate,Sao Paulo,Brazil
C0599,Jordan Lewis,Consumer,Fukuoka,Japan
C0600,Quinn Garcia,Corporate,Nagoya,Japan
C0601,Jordan Martin,Corporate,Nagoya,Japan
C0602,Rowan Brown,Corporate,Brasilia,Brazil
C0603,Drew Martinez,Corporate,Sydney,Australia
C0604,Skyler Anderson,Corporate,Manchester,UK
C0605,Jordan Martinez,Consumer,Mexico City,Mexico
C0606,Avery Martin,Consumer,Delhi,India
C0607,Alex Lewis,Corporate,Milan,Italy
C0608,Drew Thompson,Consumer,Hyderabad,India
C0609,Reese Lee,Consumer,Capital,Netherlands
C0610,Sam Harris,Consumer,Durban,South Africa
C0611,Taylor Lee,Corporate,Guadalajara,Mexico
C0612,Riley Clark,Corporate,Istanbul,Turkey
C0613,Parker Taylor,Corporate,Rio de Janeiro,Brazil
C0614,Taylor Wilson,Consumer,Sharjah,UAE
C0615,Skyler Lee,Consumer,Incheon,South Korea
C0616,Avery Smith,Consumer,Tokyo,Japan
C0617,Jamie Garcia,Consumer,Paris,France
C0618,Drew Clark,Corporate,Valencia,Spain
C0619,Jordan Martin,Corporate,Vancouver,Canada
C0620,Drew Lewis,Consumer,London,UK
C0621,Reese Johnson,Consumer,Riyadh,Saudi Arabia
C0622,Skyler Moore,Consumer,Ankara,Turkey
C0623,Sam Garcia,Small Business,Munich,Germany
C0624,Reese Taylor,Corporate,Jeddah,Saudi Arabia
C0625,Jamie Martinez,Consumer,Tokyo,Japan
C0626,Quinn Martinez,Small Business,Marseille,France
C0627,Jordan Moore,Consumer,Naples,Italy
C0628,Rowan Brown,Consumer,Abu Dhabi,UAE
C0629,Morgan Thomas,Small Business,Mumbai,India
C0630,Taylor Jackson,Consumer,Abu Dhabi,UAE
C0631,Morgan Lee,Consumer,Brisbane,Australia
C0632,Morgan Clark,Corporate,Milan,Italy
C0633,Reese Taylor,Consumer,Riyadh,Saudi Arabia
C0634,Casey Martin,Corporate,Abu Dhabi,UAE
C0635,Taylor Jackson,Consumer,Munich,Germany
C0636,Drew White,Consumer,Busan,South Korea
C0637,Taylor White,Consumer,Lyon,France
C0638,Cameron Thompson,Consumer,Barcelona,Spain
C0639,Jordan Jackson,Consumer,Brasilia,Brazil
C0640,Quinn Martinez,Consumer,Abuja,Nigeria
C0641,Skyler Johnson,Small Business,Busan,South Korea
C0642,Skyler Moore,Consumer,Abuja,Nigeria
C0643,Taylor Johnson,Consumer,Cape Town,South Africa
C0644,Skyler Garcia,Consumer,Istanbul,Turkey
C0645,Riley Johnson,Consumer,Brasilia,Brazil
C0646,Rowan Taylor,Consumer,Rome,Italy
C0647,Reese Lee,Corporate,Ankara,Turkey
C0648,Taylor Moore,Consumer,Delhi,India
C0649,Cameron Martin,Small Business,Capital,Netherlands
C0650,Reese Martin,Small Business,Mexico City,Mexico
C0651,Jordan Martinez,Consumer,Istanbul,Turkey
C0652,Reese Taylor,Consumer,Incheon,South Korea
C0653,Quinn Moore,Consumer,Lyon,France
C0654,Alex Thomas,Corporate,Guadalajara,Mexico
C0655,Quinn Jackson,Consumer,Singapore,Singapore
C0656,Jordan Brown,Small Business,Bengaluru,India
C0657,Quinn Lewis,Corporate,Sao Paulo,Brazil
C0658,Parker Johnson,Corporate,Nagoya,Japan
C0659,Cameron Martin,Consumer,Vancouver,Canada
C0660,Drew Moore,Small Business,Valencia,Spain
C0661,Riley Garcia,Consumer,Berlin,Germany
C0662,Morgan Harris,Consumer,Perth,Australia
C0663,Sam Johnson,Consumer,Los Angeles,USA
C0664,Casey Harris,Small Business,Marseille,France
C0665,Drew Moore,Corporate,Singapore,Singapore
C0666,Avery Johnson,Corporate,Incheon,South Korea
C0667,Jamie Johnson,Consumer,Delhi,India
C0668,Parker Harris,Small Business,Johannesburg,South Africa
C0669,Morgan Martinez,Consumer,Lagos,Nigeria
C0670,Jamie Clark,Consumer,Edinburgh,UK
C0671,Riley Harris,Small Business,Capital,Netherlands
C0672,Riley White,Consumer,Fukuoka,Japan
C0673,Avery Martinez,Consumer,Fukuoka,Japan
C0674,Reese White,Corporate,Toronto,Canada
C0675,Parker Lewis,Consumer,Nagoya,Japan
C0676,Taylor Johnson,Consumer,Sydney,Australia
C0677,Cameron Martinez,Consumer,Singapore,Singapore
C0678,Casey Garcia,Consumer,Montreal,Canada
C0679,Casey Anderson,Small Business,Delhi,India
C0680,Jamie Harris,Corporate,Port Harcourt,Nigeria
C0681,Cameron Thomas,Consumer,Brisbane,Australia
C0682,Sam Moore,Consumer,Edinburgh,UK
C0683,Jordan Martinez,Consumer,Capital,Netherlands
C0684,Casey Lee,Corporate,Capital,Netherlands
C0685,Casey Garcia,Small Business,Munich,Germany
C0686,Quinn Thompson,Small Business,Guadalajara,Mexico
C0687,Alex Moore,Consumer,Jeddah,Saudi Arabia
C0688,Drew Wilson,Consumer,Singapore,Singapore
C0689,Riley Martin,Consumer,Riyadh,Saudi Arabia
C0690,Casey Johnson,Corporate,Sao Paulo,Brazil
C0691,Jamie Garcia,Consumer,Capital,Netherlands
C0692,Casey Garcia,Corporate,Rio de Janeiro,Brazil
C0693,Jordan Lewis,Corporate,Port Harcourt,Nigeria
C0694,Jordan White,Consumer,Abuja,Nigeria
C0695,Skyler Jackson,Consumer,Calgary,Canada
C0696,Reese Smith,Consumer,Madrid,Spain
C0697,Morgan Brown,Consumer,Melbourne,Australia
C0698,Cameron Jackson,Consumer,Singapore,Singapore
C0699,Reese Wilson,Corporate,Montreal,Canada
C0700,Taylor Clark,Consumer,Vancouver,Canada
C0701,Drew Harris,Consumer,Mumbai,India
C0702,Riley Thomas,Corporate,Tokyo,Japan
C0703,Casey Harris,Corporate,Frankfurt,Germany
C0704,Taylor Lewis,Consumer,Hamburg,Germany
C0705,Jordan Thomas,Corporate,Manchester,UK
C0706,Jamie Jackson,Small Business,Singapore,Singapore
C0707,Drew Clark,Corporate,Los Angeles,USA
C0708,Parker Garcia,Corporate,Singapore,Singapore
C0709,Taylor Thompson,Consumer,Istanbul,Turkey
C0710,Riley Johnson,Small Business,Izmir,Turkey
C0711,Quinn Jackson,Consumer,Seoul,South Korea
C0712,Alex Martin,Small Business,Hyderabad,India
C0713,Cameron Jackson,Corporate,Sydney,Australia
C0714,Quinn Thomas,Consumer,Rio de Janeiro,Brazil
C0715,Riley Jackson,Consumer,Lagos,Nigeria
C0716,Taylor Lee,Corporate,Brasilia,Brazil
C0717,Quinn Brown,Corporate,Mumbai,India
C0718,Avery Garcia,Consumer,Ankara,Turkey
C0719,Taylor Moore,Corporate,Lyon,France
C0720,Parker Anderson,Small Business,Singapore,Singapore
C0721,Jordan Garcia,Consumer,Manchester,UK
C0722,Jordan Thompson,Consumer,Lagos,Nigeria
C0723,Jamie Wilson,Consumer,Monterrey,Mexico
C0724,Sam Thomas,Corporate,Manchester,UK
C0725,Reese Anderson,Consumer,Rio de Janeiro,Brazil
C0726,Drew Brown,Small Business,Manchester,UK
C0727,Jordan Harris,Consumer,Perth,Australia
C0728,Sam Thomas,Corporate,Vancouver,Canada
C0729,Jamie Smith,Consumer,Ankara,Turkey
C0730,Avery Lewis,Consumer,Seoul,South Korea
C0731,Sam Martin,Corporate,Melbourne,Australia
C0732,Avery Harris,Consumer,Riyadh,Saudi Arabia
C0733,Sam Thompson,Consumer,Abuja,Nigeria
C0734,Alex Clark,Small Business,Sao Paulo,Brazil
C0735,Drew Wilson,Small Business,Paris,France
C0736,Alex Moore,Small Business,Seoul,South Korea
C0737,Sam Moore,Consumer,Melbourne,Australia
C0738,Parker Garcia,Corporate,Turin,Italy
C0739,Taylor Brown,Small Business,Brisbane,Australia
C0740,Taylor Lee,Consumer,Durban,South Africa
C0741,Taylor Jackson,Consumer,Guadalajara,Mexico
C0742,Morgan Martin,Corporate,Brasilia,Brazil
C0743,Quinn Harris,Consumer,Tokyo,Japan
C0744,Avery Martinez,Corporate,Valencia,Spain
C0745,Reese Brown,Small Business,Brasilia,Brazil
C0746,Riley Thomas,Corporate,Abu Dhabi,UAE
C0747,Skyler Taylor,Consumer,Hyderabad,India
C0748,Parker Clark,Consumer,Milan,Italy
C0749,Casey Thompson,Consumer,Rome,Italy
C0750,Jordan Clark,Consumer,Frankfurt,Germany
C0751,Jordan Thompson,Corporate,Capital,Netherlands
C0752,Casey Lewis,Corporate,London,UK
C0753,Jordan Thomas,Consumer,Calgary,Canada
C0754,Reese Smith,Consumer,Port Harcourt,Nigeria
C0755,Morgan Johnson,Small Business,Singapore,Singapore
C0756,Jamie Anderson,Consumer,Dammam,Saudi Arabia
C0757,Cameron Garcia,Consumer,Melbourne,Australia
C0758,Jordan Brown,Consumer,Sharjah,UAE
C0759,Rowan Lewis,Corporate,London,UK
C0760,Taylor Brown,Consumer,Melbourne,Australia
C0761,Alex Lewis,Corporate,Berlin,Germany
C0762,Skyler Harris,Consumer,Singapore,Singapore
C0763,Morgan Jackson,Corporate,Port Harcourt,Nigeria
C0764,Alex White,Consumer,Port Harcourt,Nigeria
C0765,Cameron Martinez,Consumer,Sharjah,UAE
C0766,Skyler Jackson,Consumer,Brasilia,Brazil
C0767,Riley Brown,Consumer,Osaka,Japan
C0768,Alex Clark,Consumer,Istanbul,Turkey
C0769,Morgan Martinez,Consumer,Edinburgh,UK
C0770,Drew Garcia,Consumer,Abu Dhabi,UAE
C0771,Casey White,Consumer,Seoul,South Korea
C0772,Cameron Jackson,Small Business,Capital,Netherlands
C0773,Alex Thomas,Consumer,Boston,USA
C0774,Riley Jackson,Corporate,Perth,Australia
C0775,Jordan Lee,Small Business,Guadalajara,Mexico
C0776,Parker White,Consumer,Capital,Netherlands
C0777,Parker Garcia,Corporate,Dammam,Saudi Arabia
C0778,Rowan Garcia,Small Business,London,UK
C0779,Drew Lee,Corporate,Madrid,Spain
C0780,Reese Martinez,Consumer,Johannesburg,South Africa
C0781,Parker Martinez,Consumer,Cape Town,South Africa
C0782,Parker Thomas,Consumer,Tokyo,Japan
C0783,Alex Brown,Consumer,London,UK
C0784,Drew Brown,Small Business,Birmingham,UK
C0785,Morgan Taylor,Small Business,Izmir,Turkey
C0786,Morgan Lee,Consumer,Singapore,Singapore
C0787,Cameron White,Corporate,Seattle,USA
C0788,Skyler Clark,Consumer,Incheon,South Korea
C0789,Sam Anderson,Small Business,Hyderabad,India
C0790,Taylor Clark,Consumer,Dallas,USA
C0791,Avery Johnson,Small Business,Montreal,Canada
C0792,Skyler Smith,Corporate,Izmir,Turkey
C0793,Morgan White,Consumer,Melbourne,Australia
C0794,Avery Harris,Consumer,Mexico City,Mexico
C0795,Cameron Thompson,Corporate,Dammam,Saudi Arabia
C0796,Cameron Johnson,Consumer,Barcelona,Spain
C0797,Sam Harris,Consumer,Capital,Netherlands
C0798,Alex Wilson,Small Business,Izmir,Turkey
C0799,Alex Martinez,Corporate,Milan,Italy
C0800,Cameron Brown,Consumer,Dammam,Saudi Arabia
C0801,Riley Lewis,Consumer,New York,USA
C0802,Sam Johnson,Consumer,Naples,Italy
C0803,Morgan Martin,Small Business,Delhi,India
C0804,Casey Jackson,Consumer,Abuja,Nigeria
C0805,Alex Harris,Consumer,Melbourne,Australia
C0806,Sam White,Consumer,Brasilia,Brazil
C0807,Jordan Thompson,Small Business,Delhi,India
C0808,Morgan Brown,Consumer,Edinburgh,UK
C0809,Jamie Smith,Small Business,Abu Dhabi,UAE
C0810,Jordan Moore,Corporate,Capital,Netherlands
C0811,Morgan Wilson,Corporate,New York,USA
C0812,Parker Lee,Small Business,Durban,South Africa
C0813,Casey Brown,Corporate,Seoul,South Korea
C0814,Riley Martinez,Small Business,Barcelona,Spain
C0815,Alex Johnson,Consumer,Brasilia,Brazil
C0816,Quinn Johnson,Corporate,Monterrey,Mexico
C0817,Parker Clark,Consumer,Boston,USA
C0818,Riley Martinez,Consumer,Manchester,UK
C0819,Parker Lewis,Small Business,Incheon,South Korea
C0820,Sam Lewis,Small Business,Capital,Netherlands
C0821,Rowan Lee,Corporate,Los Angeles,USA
C0822,Alex White,Consumer,Incheon,South Korea
C0823,Sam Moore,Consumer,Birmingham,UK
C0824,Sam White,Consumer,Seoul,South Korea
C0825,Taylor Johnson,Consumer,Osaka,Japan
C0826,Sam Brown,Consumer,Vancouver,Canada
C0827,Avery Johnson,Consumer,Seoul,South Korea
C0828,Parker Moore,Consumer,Cape Town,South Africa
C0829,Morgan Lewis,Corporate,Cape Town,South Africa
C0830,Drew White,Consumer,New York,USA
C0831,Jordan White,Small Business,Paris,France
C0832,Avery Lewis,Corporate,Toulouse,France
C0833,Riley White,Consumer,Ankara,Turkey
C0834,Jamie Smith,Consumer,Birmingham,UK
C0835,Jordan Thompson,Consumer,Cape Town,South Africa
C0836,Skyler Wilson,Small Business,Rio de Janeiro,Brazil
C0837,Skyler Smith,Consumer,Guadalajara,Mexico
C0838,Alex Taylor,Consumer,Munich,Germany
C0839,Cameron Clark,Small Business,Seattle,USA
C0840,Parker Garcia,Small Business,Port Harcourt,Nigeria
C0841,Quinn Thomas,Consumer,Barcelona,Spain
C0842,Quinn Brown,Consumer,Incheon,South Korea
C0843,Alex Johnson,Consumer,Port Harcourt,Nigeria
C0844,Rowan Johnson,Consumer,New York,USA
C0845,Rowan Harris,Consumer,Seattle,USA
C0846,Jordan Thompson,Corporate,Chicago,USA
C0847,Jordan Lee,Small Business,Frankfurt,Germany
C0848,Cameron Martinez,Consumer,Montreal,Canada
C0849,Morgan Brown,Corporate,Monterrey,Mexico
C0850,Cameron Smith,Consumer,Tokyo,Japan
C0851,Taylor Taylor,Corporate,Capital,Netherlands
C0852,Riley White,Corporate,Mexico City,Mexico
C0853,Taylor Jackson,Small Business,Capital,Netherlands
C0854,Parker Wilson,Small Business,Toulouse,France
C0855,Morgan Taylor,Consumer,Valencia,Spain
C0856,Cameron Johnson,Consumer,Guadalajara,Mexico
C0857,Cameron Lee,Consumer,Paris,France
C0858,Cameron Clark,Consumer,Toronto,Canada
C0859,Avery Harris,Small Business,Incheon,South Korea
C0860,Morgan Clark,Consumer,Mexico City,Mexico
C0861,Quinn Clark,Corporate,Capital,Netherlands
C0862,Skyler Jackson,Consumer,Abuja,Nigeria
C0863,Avery Clark,Consumer,Manchester,UK
C0864,Quinn Anderson,Consumer,Sao Paulo,Brazil
C0865,Sam Smith,Corporate,Mexico City,Mexico
C0866,Taylor Johnson,Corporate,Incheon,South Korea
C0867,Taylor Johnson,Consumer,Monterrey,Mexico
C0868,Rowan Johnson,Consumer,Mexico City,Mexico
C0869,Drew Wilson,Corporate,Jeddah,Saudi Arabia
C0870,Jordan White,Consumer,Dallas,USA
C0871,Rowan Martin,Small Business,Ankara,Turkey
C0872,Rowan Moore,Consumer,Marseille,France
C0873,Drew Lee,Consumer,Manchester,UK
C0874,Quinn Harris,Consumer,London,UK
C0875,Morgan Wilson,Consumer,Busan,South Korea
C0876,Cameron Smith,Consumer,Bengaluru,India
C0877,Quinn Martinez,Consumer,Mumbai,India
C0878,Sam Martinez,Small Business,Perth,Australia
C0879,Quinn Garcia,Consumer,Mumbai,India
C0880,Avery Martin,Consumer,Tokyo,Japan
C0881,Alex Harris,Consumer,Montreal,Canada
C0882,Morgan White,Consumer,Cape Town,South Africa
C0883,Taylor Lee,Corporate,Riyadh,Saudi Arabia
C0884,Parker Martin,Consumer,Munich,Germany
C0885,Rowan White,Corporate,Mexico City,Mexico
C0886,Riley Brown,Consumer,Brisbane,Australia
C0887,Morgan Jackson,Small Business,Vancouver,Canada
C0888,Jamie Thomas,Consumer,Berlin,Germany
C0889,Jordan Anderson,Small Business,Chicago,USA
C0890,Taylor Lee,Consumer,Seville,Spain
C0891,Jordan Taylor,Consumer,Vancouver,Canada
C0892,Jamie Johnson,Corporate,Perth,Australia
C0893,Avery Lee,Corporate,Delhi,India
C0894,Alex Lee,Corporate,Capital,Netherlands
C0895,Riley Lewis,Consumer,Sydney,Australia
C0896,Taylor Martinez,Corporate,Osaka,Japan
C0897,Taylor Wilson,Small Business,Delhi,India
C0898,Skyler Martinez,Corporate,Toronto,Canada
C0899,Drew Clark,Consumer,Montreal,Canada
C0900,Rowan Moore,Corporate,Osaka,Japan
C0901,Skyler Clark,Corporate,Seattle,USA
C0902,Parker Martinez,Small Business,Chicago,USA
C0903,Jordan Lee,Consumer,Lyon,France
C0904,Reese Moore,Consumer,Cape Town,South Africa
C0905,Morgan Wilson,Corporate,Istanbul,Turkey
C0906,Morgan Martin,Consumer,Brisbane,Australia
C0907,Cameron Thompson,Corporate,Riyadh,Saudi Arabia
C0908,Morgan Thomas,Consumer,Hamburg,Germany
C0909,Sam Lewis,Consumer,Sharjah,UAE
C0910,Avery Taylor,Corporate,Calgary,Canada
C0911,Casey Garcia,Consumer,Rio de Janeiro,Brazil
C0912,Rowan Thomas,Consumer,Munich,Germany
C0913,Drew Smith,Corporate,Sharjah,UAE
C0914,Morgan Martin,Corporate,Capital,Netherlands
C0915,Sam Johnson,Small Business,Singapore,Singapore
C0916,Parker Martinez,Consumer,Istanbul,Turkey
C0917,Morgan Moore,Consumer,Delhi,India
C0918,Taylor Smith,Small Business,Brasilia,Brazil
C0919,Alex Johnson,Consumer,Seville,Spain
C0920,Jordan White,Consumer,Fukuoka,Japan
C0921,Morgan Johnson,Consumer,Johannesburg,South Africa
C0922,Alex Thomas,Consumer,Singapore,Singapore
C0923,Quinn Wilson,Small Business,Dammam,Saudi Arabia
C0924,Sam Garcia,Corporate,London,UK
C0925,Riley Brown,Corporate,Marseille,France
C0926,Rowan Harris,Consumer,Port Harcourt,Nigeria
C0927,Jamie Lewis,Consumer,Bengaluru,India
C0928,Jamie Lee,Consumer,Turin,Italy
C0929,Rowan Lewis,Consumer,Jeddah,Saudi Arabia
C0930,Jamie Moore,Consumer,Singapore,Singapore
C0931,Jordan Jackson,Consumer,Delhi,India
C0932,Skyler White,Consumer,Seoul,South Korea
C0933,Cameron White,Corporate,Barcelona,Spain
C0934,Avery Martin,Corporate,Nagoya,Japan
C0935,Jordan Thomas,Consumer,Jeddah,Saudi Arabia
C0936,Casey Taylor,Consumer,Port Harcourt,Nigeria
C0937,Jordan Martinez,Corporate,Munich,Germany
C0938,Rowan Johnson,Corporate,Manchester,UK
C0939,Drew Jackson,Corporate,Istanbul,Turkey
C0940,Riley Smith,Consumer,Bengaluru,India
C0941,Alex Garcia,Corporate,Incheon,South Korea
C0942,Sam Johnson,Consumer,Dammam,Saudi Arabia
C0943,Jordan Brown,Consumer,Lagos,Nigeria
C0944,Quinn Jackson,Consumer,Ankara,Turkey
C0945,Alex Jackson,Consumer,Birmingham,UK
C0946,Jordan Anderson,Consumer,Birmingham,UK
C0947,Alex Johnson,Consumer,Capital,Netherlands
C0948,Jordan Anderson,Corporate,London,UK
C0949,Riley Wilson,Consumer,Abuja,Nigeria
C0950,Cameron White,Consumer,Madrid,Spain
C0951,Skyler Moore,Consumer,Toronto,Canada
C0952,Avery Thomas,Consumer,Naples,Italy
C0953,Taylor Thomas,Consumer,Tokyo,Japan
C0954,Alex Lewis,Consumer,Jeddah,Saudi Arabia
C0955,Jamie Harris,Consumer,Rio de Janeiro,Brazil
C0956,Rowan Thomas,Corporate,Nagoya,Japan
C0957,Quinn Thomas,Small Business,Jeddah,Saudi Arabia
C0958,Jordan Smith,Consumer,Tokyo,Japan
C0959,Jordan Clark,Corporate,Capital,Netherlands
C0960,Riley Martinez,Small Business,Dammam,Saudi Arabia
C0961,Riley Garcia,Small Business,Frankfurt,Germany
C0962,Quinn Lewis,Corporate,Dammam,Saudi Arabia
C0963,Sam White,Small Business,Monterrey,Mexico
C0964,Jamie Smith,Small Business,Lyon,France
C0965,Reese Johnson,Corporate,Port Harcourt,Nigeria
C0966,Taylor Smith,Consumer,Singapore,Singapore
C0967,Riley Moore,Consumer,Osaka,Japan
C0968,Jamie Johnson,Consumer,Rome,Italy
C0969,Sam Clark,Consumer,Port Harcourt,Nigeria
C0970,Parker Clark,Consumer,Los Angeles,USA
C0971,Avery Taylor,Consumer,Seville,Spain
C0972,Parker Jackson,Corporate,Jeddah,Saudi Arabia
C0973,Casey Martinez,Corporate,Izmir,Turkey
C0974,Riley Johnson,Corporate,Ankara,Turkey
C0975,Taylor Harris,Consumer,Manchester,UK
C0976,Quinn Johnson,Consumer,Lyon,France
C0977,Sam Johnson,Corporate,Calgary,Canada
C0978,Parker Martinez,Corporate,Singapore,Singapore
C0979,Jamie Smith,Small Business,Dubai,UAE
C0980,Rowan Anderson,Small Business,Singapore,Singapore
C0981,Parker White,Small Business,Singapore,Singapore
C0982,Jordan Martin,Consumer,Melbourne,Australia
C0983,Avery Moore,Consumer,Delhi,India
C0984,Taylor Thompson,Consumer,Nagoya,Japan
C0985,Reese Anderson,Corporate,Singapore,Singapore
C0986,Sam Thompson,Small Business,Seoul,South Korea
C0987,Reese Taylor,Consumer,Nagoya,Japan
C0988,Cameron Garcia,Corporate,Milan,Italy
C0989,Sam Clark,Consumer,Paris,France
C0990,Riley Garcia,Consumer,Sao Paulo,Brazil
C0991,Skyler Smith,Consumer,Naples,Italy
C0992,Sam Garcia,Consumer,Delhi,India
C0993,Riley Wilson,Small Business,Munich,Germany
C0994,Jordan Wilson,Consumer,Jeddah,Saudi Arabia
C0995,Jamie Taylor,Corporate,Delhi,India
C0996,Cameron Thompson,Corporate,Osaka,Japan
C0997,Parker Martinez,Consumer,Mumbai,India
C0998,Reese Taylor,Consumer,Abu Dhabi,UAE
C0999,Taylor Wilson,Corporate,Capital,Netherlands
C1000,Skyler Martin,Consumer,Bengaluru,India
C1001,Jamie Lee,Small Business,Guadalajara,Mexico
C1002,Taylor Johnson,Consumer,Perth,Australia
C1003,Skyler Taylor,Corporate,Singapore,Singapore
C1004,Riley White,Corporate,Durban,South Africa
C1005,Quinn Martin,Consumer,London,UK
C1006,Jordan Moore,Consumer,Abuja,Nigeria
C1007,Reese Harris,Small Business,Johannesburg,South Africa
C1008,Jamie Anderson,Consumer,Bengaluru,India
C1009,Reese Smith,Consumer,Melbourne,Australia
C1010,Avery Lee,Consumer,Hyderabad,India
C1011,Reese Smith,Consumer,Barcelona,Spain
C1012,Alex Martinez,Corporate,Rio de Janeiro,Brazil
C1013,Taylor Thomas,Corporate,Paris,France
C1014,Morgan Wilson,Consumer,Turin,Italy
C1015,Cameron Moore,Corporate,Hyderabad,India
C1016,Reese Thomas,Consumer,Monterrey,Mexico
C1017,Cameron White,Consumer,Abu Dhabi,UAE
C1018,Jordan White,Corporate,Istanbul,Turkey
C1019,Quinn Martinez,Small Business,Seattle,USA
C1020,Jordan Wilson,Consumer,Manchester,UK
C1021,Morgan Moore,Consumer,Calgary,Canada
C1022,Quinn Moore,Consumer,Montreal,Canada
C1023,Jordan Martinez,Corporate,Cape Town,South Africa
C1024,Skyler Martinez,Consumer,Monterrey,Mexico
C1025,Cameron White,Consumer,Monterrey,Mexico
C1026,Jamie Jackson,Corporate,Vancouver,Canada
C1027,Casey Lee,Consumer,Toronto,Canada
C1028,Jamie Anderson,Consumer,Madrid,Spain
C1029,Alex Clark,Consumer,Singapore,Singapore
C1030,Avery Smith,Consumer,Milan,Italy
C1031,Quinn Thompson,Consumer,Ankara,Turkey
C1032,Alex Lee,Small Business,Berlin,Germany
C1033,Jamie Taylor,Corporate,Sydney,Australia
C1034,Skyler Anderson,Corporate,Naples,Italy
C1035,Cameron Smith,Small Business,Calgary,Canada
C1036,Drew Clark,Consumer,Sydney,Australia
C1037,Avery Thomas,Consumer,Abuja,Nigeria
C1038,Morgan Lewis,Small Business,New York,USA
C1039,Alex Martinez,Consumer,Dammam,Saudi Arabia
C1040,Jordan Thompson,Corporate,Monterrey,Mexico
C1041,Riley Clark,Corporate,Perth,Australia
C1042,Drew Moore,Consumer,Cape Town,South Africa
C1043,Avery Brown,Consumer,Jeddah,Saudi Arabia
C1044,Avery White,Consumer,Sharjah,UAE
C1045,Rowan Taylor,Consumer,Brisbane,Australia
C1046,Rowan Lewis,Consumer,Munich,Germany
C1047,Avery Anderson,Consumer,Toulouse,France
C1048,Jordan Garcia,Corporate,Nagoya,Japan
C1049,Reese Lee,Small Business,Incheon,South Korea
C1050,Casey White,Corporate,Birmingham,UK
C1051,Taylor Lewis,Consumer,Hyderabad,India
C1052,Drew Smith,Consumer,Dubai,UAE
C1053,Taylor Harris,Consumer,Mumbai,India
C1054,Quinn Clark,Consumer,Capital,Netherlands
C1055,Quinn Johnson,Small Business,Toronto,Canada
C1056,Skyler Johnson,Consumer,Capital,Netherlands
C1057,Sam White,Consumer,Jeddah,Saudi Arabia
C1058,Riley Jackson,Corporate,Brasilia,Brazil
C1059,Quinn Johnson,Consumer,Riyadh,Saudi Arabia
C1060,Avery Thompson,Consumer,Rome,Italy
C1061,Riley Taylor,Consumer,Brasilia,Brazil
C1062,Riley Clark,Corporate,Incheon,South Korea
C1063,Alex Thompson,Corporate,Birmingham,UK
C1064,Quinn Martin,Consumer,Melbourne,Australia
C1065,Casey Taylor,Small Business,Rio de Janeiro,Brazil
C1066,Jamie Garcia,Small Business,Dubai,UAE
C1067,Reese Taylor,Corporate,Lagos,Nigeria
C1068,Skyler Johnson,Consumer,Fukuoka,Japan
C1069,Parker Jackson,Consumer,Milan,Italy
C1070,Rowan Lee,Small Business,Seattle,USA
C1071,Avery Taylor,Consumer,Incheon,South Korea
C1072,Avery Smith,Corporate,Lyon,France
C1073,Riley Martinez,Corporate,Sao Paulo,Brazil
C1074,Cameron Garcia,Consumer,Bengaluru,India
C1075,Casey Jackson,Corporate,Istanbul,Turkey
C1076,Sam Martin,Small Business,Munich,Germany
C1077,Skyler Johnson,Corporate,Perth,Australia
C1078,Sam Thompson,Consumer,Hamburg,Germany
C1079,Morgan Thompson,Small Business,Dammam,Saudi Arabia
C1080,Riley Wilson,Consumer,Mexico City,Mexico
C1081,Morgan Jackson,Corporate,Lagos,Nigeria
C1082,Sam Anderson,Corporate,Capital,Netherlands
C1083,Jamie Lee,Corporate,Capital,Netherlands
C1084,Jamie Taylor,Consumer,Singapore,Singapore
C1085,Drew Johnson,Consumer,Lyon,France
C1086,Quinn Thompson,Consumer,Mexico City,Mexico
C1087,Skyler Clark,Consumer,Mexico City,Mexico
C1088,Casey Martin,Consumer,Capital,Netherlands
C1089,Skyler Moore,Corporate,Incheon,South Korea
C1090,Jordan Moore,Consumer,London,UK
C1091,Reese Lewis,Corporate,Bengaluru,India
C1092,Riley Garcia,Small Business,Jeddah,Saudi Arabia
C1093,Skyler Johnson,Consumer,Guadalajara,Mexico
C1094,Jordan Moore,Corporate,Dubai,UAE
C1095,Rowan Martinez,Corporate,Milan,Italy
C1096,Riley Martinez,Consumer,Montreal,Canada
C1097,Riley Smith,Consumer,Mexico City,Mexico
C1098,Cameron Moore,Corporate,Brasilia,Brazil
C1099,Jamie Garcia,Small Business,New York,USA
C1100,Parker Brown,Corporate,Riyadh,Saudi Arabia
C1101,Alex Smith,Small Business,Izmir,Turkey
C1102,Reese Wilson,Small Business,Ankara,Turkey
C1103,Sam Thompson,Consumer,Lagos,Nigeria
C1104,Jordan Wilson,Corporate,Frankfurt,Germany
C1105,Alex White,Consumer,Rome,Italy
C1106,Skyler Harris,Small Business,Frankfurt,Germany
C1107,Morgan Martinez,Consumer,Marseille,France
C1108,Rowan Martin,Consumer,Port Harcourt,Nigeria
C1109,Alex White,Small Business,Port Harcourt,Nigeria
C1110,Quinn Moore,Consumer,Los Angeles,USA
C1111,Drew Smith,Corporate,Fukuoka,Japan
C1112,Alex Smith,Consumer,Paris,France
C1113,Jordan Lewis,Small Business,Munich,Germany
C1114,Drew Martin,Small Business,Madrid,Spain
C1115,Morgan Clark,Consumer,Munich,Germany
C1116,Taylor Clark,Corporate,Izmir,Turkey
C1117,Alex Smith,Consumer,Capital,Netherlands
C1118,Sam Martin,Corporate,Singapore,Singapore
C1119,Morgan Thomas,Corporate,Melbourne,Australia
C1120,Riley Martin,Corporate,Istanbul,Turkey
C1121,Jamie Smith,Consumer,Los Angeles,USA
C1122,Casey Martinez,Consumer,Calgary,Canada
C1123,Skyler Harris,Corporate,Valencia,Spain
C1124,Sam Martin,Corporate,Marseille,France
C1125,Sam Jackson,Consumer,Guadalajara,Mexico
C1126,Casey Martinez,Consumer,Mexico City,Mexico
C1127,Riley Martinez,Consumer,Cape Town,South Africa
C1128,Parker Lewis,Small Business,Nagoya,Japan
C1129,Quinn Anderson,Consumer,Singapore,Singapore
C1130,Avery Thomas,Consumer,Fukuoka,Japan
C1131,Parker Taylor,Small Business,Jeddah,Saudi Arabia
C1132,Riley Anderson,Consumer,Incheon,South Korea
C1133,Casey Taylor,Corporate,Brasilia,Brazil
C1134,Skyler Anderson,Consumer,Sao Paulo,Brazil
C1135,Parker Martin,Small Business,Osaka,Japan
C1136,Casey Clark,Corporate,Vancouver,Canada
C1137,Jordan Clark,Small Business,Sydney,Australia
C1138,Morgan Moore,Consumer,Dubai,UAE
C1139,Morgan Anderson,Consumer,Perth,Australia
C1140,Jamie White,Corporate,Delhi,India
C1141,Sam Thompson,Consumer,Johannesburg,South Africa
C1142,Reese Moore,Consumer,Milan,Italy
C1143,Avery White,Consumer,Lagos,Nigeria
C1144,Taylor Harris,Small Business,Mexico City,Mexico
C1145,Taylor White,Corporate,Rome,Italy
C1146,Morgan Harris,Corporate,Izmir,Turkey
C1147,Parker Brown,Corporate,Hyderabad,India
C1148,Cameron Thomas,Consumer,Rio de Janeiro,Brazil
C1149,Morgan Moore,Consumer,Busan,South Korea
C1150,Rowan Smith,Consumer,Durban,South Africa
C1151,Rowan Thompson,Corporate,Sharjah,UAE
C1152,Avery Moore,Consumer,Mumbai,India
C1153,Jamie Lee,Small Business,Dammam,Saudi Arabia
C1154,Cameron Martin,Corporate,Lagos,Nigeria
C1155,Taylor White,Consumer,Rome,Italy
C1156,Skyler Harris,Corporate,Singapore,Singapore
C1157,Jamie Anderson,Consumer,Manchester,UK
C1158,Casey Thompson,Small Business,Durban,South Africa
C1159,Reese Anderson,Small Business,Dubai,UAE
C1160,Rowan Moore,Small Business,Milan,Italy
C1161,Casey Smith,Consumer,Singapore,Singapore
C1162,Cameron Jackson,Consumer,Istanbul,Turkey
C1163,Rowan White,Consumer,Guadalajara,Mexico
C1164,Alex Moore,Consumer,Hyderabad,India
C1165,Skyler Thomas,Consumer,Delhi,India
C1166,Casey Martin,Consumer,London,UK
C1167,Cameron White,Small Business,New York,USA
C1168,Riley Martinez,Consumer,Dubai,UAE
C1169,Avery Lewis,Consumer,Capital,Netherlands
C1170,Cameron White,Corporate,Lagos,Nigeria
C1171,Sam Lewis,Corporate,Nagoya,Japan
C1172,Taylor Lewis,Corporate,Osaka,Japan
C1173,Riley Clark,Corporate,Abu Dhabi,UAE
C1174,Reese Harris,Small Business,Frankfurt,Germany
C1175,Reese Moore,Corporate,Dallas,USA
C1176,Quinn Brown,Consumer,Rome,Italy
C1177,Sam Taylor,Corporate,Milan,Italy
C1178,Parker Harris,Consumer,Munich,Germany
C1179,Avery Taylor,Consumer,Seville,Spain
C1180,Cameron Thompson,Consumer,Los Angeles,USA
C1181,Quinn Johnson,Consumer,Tokyo,Japan
C1182,Cameron Wilson,Corporate,Port Harcourt,Nigeria
C1183,Parker Taylor,Consumer,Busan,South Korea
C1184,Rowan Anderson,Consumer,Riyadh,Saudi Arabia
C1185,Drew Johnson,Consumer,Dammam,Saudi Arabia
C1186,Reese Lee,Corporate,Rome,Italy
C1187,Casey Thompson,Consumer,Edinburgh,UK
C1188,Rowan Thomas,Corporate,Singapore,Singapore
C1189,Riley Smith,Small Business,Singapore,Singapore
C1190,Rowan Smith,Consumer,Seattle,USA
C1191,Alex Thomas,Corporate,Jeddah,Saudi Arabia
C1192,Alex Lee,Consumer,Valencia,Spain
C1193,Drew White,Consumer,Hamburg,Germany
C1194,Morgan Martin,Corporate,Brisbane,Australia
C1195,Cameron Garcia,Small Business,Mumbai,India
C1196,Skyler Moore,Consumer,Osaka,Japan
C1197,Parker Lee,Corporate,Sydney,Australia
C1198,Taylor Martinez,Consumer,Capital,Netherlands
C1199,Jamie Thompson,Corporate,Monterrey,Mexico
C1200,Skyler Taylor,Corporate,Tokyo,Japan
